9.978500328902687e-07,14114.883050330895,14457.232560538096,9418.986552521912
1.1774630388105168e-06,14256.136443449997,14641.369541195718,9516.644747271637
1.3570760447307654e-06,14394.018366360855,14818.476135014074,9612.00288956096
1.5366890506510136e-06,14524.755823915373,14985.48543363238,9702.56472001378
1.7163020565712621e-06,14646.28950181473,15140.846648441207,9786.898150871823
1.8959150624915105e-06,14760.39976182642,15286.705995435204,9866.111701736105
2.075528068411759e-06,14868.415926717867,15424.762460288328,9941.00534258747
2.255141074332007e-06,14971.37213584777,15556.382537785215,10012.342674372157
2.434754080252255e-06,15070.677235638599,15683.2216456964,10081.069428604947
2.6143670861725035e-06,15166.452491652932,15805.542703105868,10147.283476532772
2.7939800920927523e-06,15259.087297334065,15923.929350271368,10211.253300832128
2.9735930980130006e-06,15348.7430248731,16038.674665207496,10273.08237887194
3.1532061039332486e-06,15435.044015203619,16149.481117773239,10332.543875674817
3.332819109853497e-06,15515.787069249232,16254.146518091438,10388.172397536582
3.5124321157737457e-06,15593.57409933127,16355.386929424409,10441.71196796351
3.692045121693994e-06,15673.90060451365,16458.962772946823,10496.825660806766
3.871658127614242e-06,15752.319885582168,16560.231364517753,10550.612290598869
4.05127113353449e-06,15828.987760222306,16659.44467539895,10603.152326680512
4.230884139454739e-06,15903.996296154783,16756.721692981835,10654.512766821137
4.410497145374988e-06,15977.423123920535,16852.14472756285,10704.746234039314
4.5901101512952354e-06,16049.241796978507,16945.68821278942,10753.85929355284
4.769723157215485e-06,16119.617329796773,17037.54698151103,10801.966019974145
4.949336163135732e-06,16188.293388380289,17127.443139104544,10848.906792852387
5.128949169055981e-06,16254.884140709431,17214.976612757804,10894.420885214326
5.308562174976228e-06,16319.192190858732,17299.975776636493,10938.369459847647
5.488175180896477e-06,16382.265310150948,17383.518532337304,10981.484852823585
5.667788186816725e-06,16446.989310505654,17468.540754350106,11025.682102365128
5.847401192736974e-06,16510.88023900157,17552.52487056782,11069.317925589356
6.027014198657223e-06,16573.685323778856,17635.22372380276,11112.212565210366
6.206627204577471e-06,16635.40656136765,17716.626257569034,11154.369500928535
6.38624021049772e-06,16696.049064028204,17796.72978706116,11195.798371240582
6.565853216417967e-06,16755.611512656706,17875.5654643774,11236.49669228798
6.7454662223382166e-06,16814.085015938464,17953.123938300432,11276.453751415935
6.925079228258463e-06,16871.466621685722,18029.376871125816,11315.67620429208
7.104692234178713e-06,16927.836957304502,18104.452221573363,11354.20936642741
7.28430524009896e-06,16983.461779874255,18178.597807453905,11392.232715901071
7.463918246019209e-06,17038.852799642846,18252.375107131826,11430.09404451543
7.643531251939456e-06,17093.796735893287,18325.55583810547,11467.649816872121
7.823144257859706e-06,17148.297639046516,18398.169542725256,11504.89656753158
8.002757263779956e-06,17202.05867408025,18469.884338381908,11541.645369061329
8.182370269700203e-06,17255.078874262028,18540.70832248158,11577.878905069116
8.361983275620451e-06,17307.505323111527,18610.828454030656,11613.697279438758
8.5415962815407e-06,17359.3359492375,18680.206308123066,11649.110344018245
8.721209287460948e-06,17410.452182913177,18748.768365696396,11684.035087363685
8.900822293381196e-06,17460.928807097924,18816.566185795546,11718.512840249135
9.080435299301444e-06,17510.87344173814,18883.7209098031,11752.617649315995
9.260048305221693e-06,17560.437673620072,18950.392245093004,11786.463124403599
9.439661311141941e-06,17609.759137615278,19016.73833124703,11820.124250131901
9.619274317062188e-06,17658.633635071717,19082.54183800647,11853.480580057592
9.798887322982438e-06,17705.43536306207,19146.114326424195,11885.424882438432
9.978500328902684e-06,17753.41803411863,19210.853899151418,11918.1559033811
1.177463038810517e-05,18208.78629132447,19829.409118689044,12228.372768213336
1.3570760447307652e-05,18631.209071198744,20408.42620488495,12515.578950120178
1.5366890506510137e-05,19024.89526048015,20952.96579077669,12782.965076446102
1.716302056571262e-05,19395.427724448713,21469.42358684416,13034.393885367084
1.8959150624915104e-05,19746.244856507732,21962.09971002251,13272.145626143354
2.0755280684117588e-05,20080.615956512072,22435.002502170963,13498.385871004459
2.2551410743320075e-05,20400.57131978624,22890.668058159008,13714.506029901282
2.4347540802522555e-05,20708.61475224858,23331.934832472114,13922.262871865632
2.6143670861725042e-05,21005.06476033035,23759.28462191369,14121.92736710504
2.7939800920927522e-05,21290.906568103215,24173.863719090823,14314.209563245713
2.973593098013001e-05,21567.469684526386,24577.241319319328,14500.009219421274
3.153206103933249e-05,21835.74309524876,24970.61363077424,14679.97472231464
3.3328191098534976e-05,22096.26931506578,25354.70112604027,14854.47513346819
3.512432115773746e-05,22349.884610451376,25730.494040586727,15024.072241679902
3.692045121693994e-05,22597.73206368237,26099.286001616023,15189.554463707205
3.8716581276142434e-05,22839.0989100547,26460.35015185893,15350.461723336852
4.051271133534491e-05,23075.074209445058,26814.88983141337,15507.544667509286
4.2308841394547394e-05,23305.71452046651,27163.001312725715,15660.853938026696
4.410497145374987e-05,23531.399654918998,27505.137666220955,15810.64938463595
4.590110151295236e-05,23752.582913772007,27841.833808046827,15957.236590595576
4.769723157215485e-05,23969.595947242276,28173.49898228997,16100.83348762174
4.949336163135733e-05,24182.871915200798,28500.641534483722,16241.73464170027
5.128949169055981e-05,24392.227009495313,28823.09180441111,16379.81942660714
5.30856217497623e-05,24597.828060367163,29141.04796610928,16515.203100428887
5.488175180896478e-05,24800.228529843153,29455.131496436537,16648.268173944067
5.667788186816727e-05,24999.373237647593,29765.288336925736,16778.98575030359
5.8474011927369746e-05,25195.540937564707,30071.83656688825,16907.551000151998
6.027014198657223e-05,25388.93520905794,30375.014239518452,17034.100327798
6.206627204577471e-05,25579.619860878152,30674.905620343125,17158.68075961474
6.38624021049772e-05,25767.69232314444,30971.63562753855,17281.356710494787
6.56585321641797e-05,25953.13293423405,31265.19794864762,17402.115185169947
6.745466222338216e-05,26136.12536521255,31555.80725196024,17521.0809184907
6.925079228258465e-05,26316.886542746353,31843.719960430288,17638.400530295414
7.104692234178713e-05,26495.41592651004,32128.939539758514,17754.07418178626
7.284305240098961e-05,26672.242125178,32412.066775372612,17868.46220776716
7.463918246019211e-05,26846.94171470645,32692.630259193582,17981.281082689817
7.643531251939458e-05,27019.632419299014,32970.764849569234,18092.61683504716
7.823144257859707e-05,27190.49555340739,33246.6768254598,18202.590109497694
8.002757263779955e-05,27359.58123226167,33520.42703698044,18311.243002890227
8.182370269700203e-05,27526.93645020823,33792.07042891937,18418.601277315618
8.36198327562045e-05,27692.60453681883,34061.66204651865,18524.70008100333
8.541596281540703e-05,27856.974903564296,34329.64811453224,18629.798451721752
8.72120928746095e-05,28019.717968572364,34595.66224332264,18733.675792404887
8.900822293381198e-05,28180.892067070472,34859.776721953334,18836.37030092202
9.080435299301446e-05,28340.68422556659,35122.20674788257,18938.00869618065
9.260048305221695e-05,28499.08311650597,35382.94299937433,19038.586304230048
9.439661311141943e-05,28656.273929180694,35642.19552112262,19138.22669658681
9.61927431706219e-05,28812.239720599115,35899.94966846072,19236.921208926546
9.798887322982438e-05,28967.08678611176,36156.32583567798,19334.74299773226
9.978500328902687e-05,29120.575204530043,36411.05377601437,19431.53142651755
0.0001177463038810517,30598.82165568573,38888.53812943704,20354.969330807027
0.00013570760447307654,31994.308956147517,41263.32832224593,21211.486853340102
0.00015366890506510138,33328.50555262837,43560.786013640056,22015.97060369499
0.00017163020565712618,34617.73814948565,45800.11797984871,22779.668952387958
0.00018959150624915105,35873.71040316978,47995.010538737224,23510.602356559506
0.00020755280684117586,37106.00099518523,50156.524284151354,24215.33223553743
0.0002255141074332007,38321.98276129879,52293.13852952711,24898.829322246555
0.00024347540802522553,39528.059134712385,54412.085317824305,25565.421486557327
0.00026143670861725036,40729.312015480646,56519.06195222139,26218.46722331227
0.0002793980092092752,41930.35878217546,58619.1460220723,26861.02380680727
0.00029735930980130003,43134.949334150515,60716.387996443445,27495.514947744
0.0003153206103933248,44346.6665542117,62814.615783058965,28124.246459888735
0.0003332819109853497,45568.472499515054,64916.87927250611,28749.093130541874
0.00035124321157737454,46803.26183206281,67026.16815005141,29371.85205379956
0.0003692045121693994,48053.465159356005,69144.84727215243,29994.022627480554
0.00038716581276142416,49321.53198449718,71275.33208328314,30617.082949200398
0.000405127113353449,50609.54916538512,73419.55548834433,31242.26657967218
0.00042308841394547394,51919.62387584464,75579.45954751705,31870.821535650055
0.0004410497145374987,53253.66422081779,77756.74315875235,32503.834297419067
0.0004590110151295235,54613.490214382364,79952.9590275491,33142.343970893104
0.00047697231572154834,56000.80773773414,82169.50547934366,33787.30164869
0.0004949336163135732,57417.34394482171,84407.8048036724,34439.65998322317
0.0005128949169055981,58864.64786370492,86669.01867473387,35100.259303798084
0.0005308562174976229,60344.247430465955,88954.2685522037,35769.91920660473
0.0005488175180896477,61857.66888444469,91264.66830846974,36449.44744588843
0.0005667788186816725,63406.30064535805,93601.12187937227,37139.56620213454
0.0005847401192736974,64991.57225771291,95964.57215650946,37841.02491200379
0.0006027014198657222,66614.7921105105,98355.79169785834,38554.48176125665
0.0006206627204577471,68277.32033334012,100775.601633435,39280.63582071046
0.0006386240210497718,69980.3535248833,103224.58065123176,40020.08123135927
0.0006565853216417967,71725.21484096664,105703.471484062,40773.49205750924
0.0006745466222338216,73512.97996430601,108212.66282387754,41541.37776438288
0.0006925079228258464,75344.94095117628,110752.82057339574,42324.40422093017
0.0007104692234178711,77222.08330294758,113324.17719949533,43123.03177372684
0.0007284305240098961,79145.59552275822,115927.23516863646,43937.858749789084
0.0007463918246019209,81116.41133716053,118562.13223739484,44769.32126926367
0.0007643531251939458,83135.61483793055,121229.19899749283,45617.968266655036
0.0007823144257859705,85204.05580874752,123928.43690218472,46484.19336270418
0.0008002757263779954,87322.7358077195,126660.05190192674,47368.501775781755
0.0008182370269700203,89492.3979129293,129423.88277241202,48271.23707251245
0.0008361983275620451,91713.92650363524,132219.95945577518,49192.85335272746
0.0008541596281540699,93987.97172485455,135047.98870963772,50133.653772854836
0.0008721209287460947,96315.28372251766,137907.8171875323,51094.02378561723
0.0008900822293381196,98696.39867158381,140798.99741158003,52074.222067610535
0.0009080435299301445,101131.93206840428,143721.1957421419,53074.58047291831
0.0009260048305221693,103622.26758705148,146673.7703367996,54095.2877309675
0.000943966131114194,106167.88042354125,149656.2182960754,55136.61379622028
0.0009619274317062188,108769.00343274155,152667.71726277535,56198.68830175976
0.0009798887322982437,111425.9211870944,155707.5333316745,57281.70049448494
0.0009978500328902686,114138.98949347163,158774.6651510753,58385.73709648483
0.001177463038810517,144294.86875679638,190669.83584775275,70574.94493667921
0.0013570760447307653,179328.5383150709,223457.29930381334,84636.02819563313
0.0015366890506510137,217240.9104692594,254413.19633042067,99814.85081188253
0.0017163020565712623,254708.89569376735,280192.36202413135,114821.66543843612
0.0018959150624915102,287809.00019011216,297798.7498077338,128114.54141793145
0.002075528068411759,313235.76891254657,305646.99701635906,138381.08266131754
0.0022551410743320076,329326.14266562683,304048.8265819993,144948.65096185607
0.0024347540802522557,336286.80890350713,294845.415907945,147882.0263066074
0.0026143670861725043,335655.04313534993,280544.0223870901,147776.3138103347
0.002793980092092752,329496.98191800946,263527.7824708907,145442.12571721477
0.0029735930980130006,319787.4654956902,245635.94035345706,141659.6566061105
0.003153206103933249,308108.30388281605,228084.75210438724,137057.31348060656
0.0033328191098534973,295589.3102380298,211570.58417676034,132086.5272997908
0.003512432115773746,282971.01555493806,196422.84385600968,127045.2582144784
0.003692045121693994,270702.5463724443,182739.88198625177,122115.99624064803
0.0038716581276142426,259032.62632214237,170488.15596439547,117401.42212803855
0.004051271133534491,248079.99278270727,159566.96083433199,112952.17859783387
0.004230884139454739,237883.05242782098,149847.55675202372,108786.52853873221
0.004410497145374987,228432.91839704994,141195.2993072051,104903.49671931683
0.0045901101512952356,219694.5641167984,133481.23425860808,101291.32797128496
0.004769723157215485,211620.0272910878,126587.48701169025,97932.77652931311
0.004949336163135733,204156.29779262713,120409.17768580996,94808.31059631467
0.005128949169055981,197250.003524402,114854.46769767794,91898.007088977
0.00530856217497623,190849.9192282339,109843.70164147588,89182.60634898987
0.005488175180896478,184908.33352208373,105308.15383760075,86644.07407255072
0.005667788186816726,179381.53136790043,101188.69140301466,84265.83702322154
0.005847401192736974,174229.9724959132,97434.46757562565,82032.86206178737
0.006027014198657223,169418.08711474348,94001.74750209048,79931.60861470521
0.006206627204577471,164914.06550547335,90852.86170345443,77949.94553423476
0.00638624021049772,160689.4893536062,87955.30555589248,76077.03049706137
0.006565853216417969,156719.03495697057,85280.96503994647,74303.19114018937
0.006745466222338217,152980.1131837001,82805.46332972155,72619.79935132313
0.006925079228258465,149452.58484493042,80507.60635840044,71019.15744426253
0.007104692234178714,146118.466055036,78368.91569643564,69494.39242902971
0.007284305240098962,142961.67764161061,76373.23518080615,68039.3588710122
0.00746391824601921,139967.8315085649,74506.39805479941,66648.55610068391
0.007643531251939459,137124.0191194842,72755.94725944955,65317.05086212497
0.007823144257859706,134418.64043719723,71110.89905818457,64040.410712342
0.008002757263779955,131841.257199272,69561.54126033955,62814.646840751484
0.008182370269700203,129382.45086845299,68099.2638743084,61636.16134230822
0.008361983275620452,127033.71289580659,66716.41357592885,60501.70395361847
0.0085415962815407,124787.32689748338,65406.17103400482,59408.330817950264
0.008721209287460948,122636.3060937768,64162.443313412834,58353.37264952215
0.008900822293381197,120574.28861850432,62979.77545917361,57334.40222413411
0.009080435299301446,118595.4813891502,61853.2714725803,56349.209276918766
0.009260048305221693,116694.59648275655,60778.52742599141,55395.77674019939
0.009439661311141942,114866.79673228237,59751.57315994379,54472.26070716229
0.009619274317062191,113107.65247858343,58768.822518999514,53576.97198854916
0.009798887322982439,111413.09743126461,57827.02957737126,52708.36073820139
0.009978500328902688,109780.57666817456,56923.25940051316,51865.02411695495
0.01177463038810517,96146.68267374331,49489.00835495494,44575.2043711063
0.013570760447307654,86023.52293613419,43972.360895541504,38829.9209474339
0.015366890506510137,78174.2052344391,39572.72837848368,34156.58399560017
0.01716302056571262,71896.2996314526,35893.81228833648,30283.738966089895
0.018959150624915107,66753.04407544651,32721.59673933177,27038.33320204963
0.02075528068411759,62453.95380189156,29932.427907648675,24300.25861034379
0.022551410743320073,58796.16303970371,27450.513815953447,21980.268894834157
0.024347540802522556,55633.033145317044,25226.54453914252,20008.497389244236
0.02614367086172504,52856.135252502514,23226.26492931012,18328.194320801103
0.027939800920927522,50384.105276137554,21424.117941171076,16892.15661467286
0.029735930980130006,48155.41002025143,19799.657718493283,15660.616110406976
0.03153206103933249,46123.302992585806,18335.52394970793,14599.892307400056
0.03332819109853497,44252.20881585582,17016.32946723624,13681.465501976409
0.035124321157737455,42515.02872126889,15828.077267518873,12881.271631841455
0.03692045121693994,40891.095348693605,14757.873900205639,12179.113383861835
0.03871658127614242,39364.60378808272,13793.803725459613,11558.144513488423
0.04051271133534491,37923.405973115056,12924.878087344689,11004.401937754956
0.0423088413945474,36558.08547357341,12141.014792606176,10506.382703814777
0.04410497145374988,35261.27371137032,11433.02306155103,10054.665249558166
0.04590110151295236,34027.10286122089,10792.578394330252,9641.56899974461
0.04769723157215484,32850.820399447206,10212.187577269782,9260.857950361224
0.04949336163135732,31728.49286582853,9685.144673142102,8907.486789016415
0.05128949169055982,30656.79541948884,9205.47726744622,8577.382815950281
0.0530856217497623,29632.846543446096,8767.887940646056,8267.262628247292
0.05488175180896478,28654.102887206645,8367.694320965042,7974.480880246114
0.05667788186816726,27718.277553309792,8000.768957788172,7696.905104376462
0.05847401192736974,26823.276368730225,7663.480647027412,7432.812663152218
0.06027014198657222,25967.165286438587,7352.640155138448,7180.808667022672
0.062066272045774716,25148.133901717363,7065.448280598875,6939.757782102843
0.06386240210497719,24364.483911398507,6799.4510989957935,6708.732526055663
0.06565853216417968,23614.60659790788,6552.495604518284,6486.967441059804
0.06745466222338216,22896.979660366516,6322.694383312631,6273.828011106742
0.06925079228258464,22210.15369686922,6108.390365060263,6068.780800749566
0.07104692234178714,21552.75338129073,5908.128834163807,5871.374243015704
0.07284305240098962,20923.466969755937,5720.630638992362,5681.22036549296
0.0746391824601921,20321.04849154128,5544.770135171194,5497.982391943102
0.07643531251939457,19744.30941269802,5379.555009863356,5321.363621712857
0.07823144257859706,19192.120329730496,5224.10946342133,5151.099866659051
0.08002757263779955,18663.408476288772,5077.659229433964,4986.953048364404
0.08182370269700204,18157.151440656115,4939.518422961336,4828.705819053729
0.08361983275620452,17672.379508072398,4809.078536100934,4676.158158508652
0.085415962815407,17208.171189286288,4685.798789105394,4529.124453500982
0.08721209287460947,16763.652096244747,4569.197566071784,4387.430889628959
0.08900822293381196,16337.989907441683,4458.844583094108,4250.913203828172
0.09080435299301444,15930.39839286635,4354.35606468725,4119.41690354519
0.09260048305221694,15540.12971667659,4255.387758577348,3992.7946025835013
0.09439661311141942,15166.47411074234,4161.630768581521,3870.9056665473713
0.0961927431706219,14808.75943553275,4072.8074669261096,3753.615945000525
0.09798887322982437,14466.347739611321,3988.667891748192,3640.7968582858593
0.09978500328902686,14139.211441477559,3908.989693262807,3532.332471136584
0.1177463038810517,11557.765181254616,3320.7473075219937,2662.969312882815
0.13570760447307653,9969.109823653587,3040.0542922185355,2125.0097250210956
0.15366890506510134,9107.809892343495,3016.8740693743434,1858.594459320522
0.17163020565712617,8809.739995676857,3237.386442737775,1829.586975709465
0.18959150624915103,8963.473586347693,3703.1064124275995,2019.1527459016854
0.20755280684117586,9473.379229288676,4412.266245558749,2410.6754836269088
0.2255141074332007,10226.473185049463,5334.776322232561,2972.265350133391
0.2434754080252255,11068.479916568898,6383.93759753438,3637.9861684357056
0.2614367086172503,11809.99707792935,7406.055444797308,4301.638835147669
0.27939800920927516,12280.193720451129,8217.550803828823,4841.492167773066
0.29735930980130004,12401.346768504152,8684.606388332495,5171.3445350400925
0.3153206103933249,12216.97397060968,8783.26871018592,5277.3299468754985
0.33328191098534965,11846.476581644412,8587.845149942192,5208.1992852992735
0.35124321157737454,11414.654422995847,8211.405807738674,5036.011394271454
0.3692045121693993,11009.793867646364,7754.508992282433,4823.436926993604
0.38716581276142414,10677.813872822093,7285.269753221762,4611.679548999903
0.40512711335344903,10433.793878918923,6841.379641820682,4422.349134178524
0.4230884139454738,10275.352110499547,6439.415316356723,4263.730209677517
0.4410497145374987,10192.163744995993,6083.5619086940305,4136.475781443827
0.4590110151295235,10171.410140540202,5771.623148273912,4037.465143298733
0.47697231572154836,10200.46840354052,5498.599969704606,3962.0704050107306
0.4949336163135732,10268.046573186813,5258.634250289347,3905.371529407939
0.512894916905598,10364.540140634757,5045.984478547075,3862.7570165849265
0.5308562174976229,10482.038606425023,4855.467871188308,3830.189784570691
0.5488175180896476,10614.198158535883,4682.62309455874,3804.299048703516
0.5667788186816726,10756.081262722571,4523.733049937803,3782.385025810527
0.5847401192736973,10904.006718717661,4375.782300656652,3762.382057237645
0.6027014198657222,11055.427392664566,4236.387899433594,3742.803438575316
0.620662720457747,11208.842853830412,4103.724730586427,3722.6804507305806
0.6386240210497718,11363.752565622071,3976.457783913245,3701.5027335755744
0.6565853216417967,11520.65840197433,3853.691703716442,3679.165048718054
0.6745466222338214,11681.132234596444,3734.9505987105913,3655.924890407277
0.6925079228258463,11847.974662851395,3620.2094209103693,3632.3750921982987
0.7104692234178712,12025.505825470364,3510.0187284783456,3609.4351758315506
0.728430524009896,12220.045981163577,3405.8093467533463,3588.3618867787104
0.7463918246019208,12440.64539117439,3310.566445865321,3570.7657739927527
0.7643531251939456,12700.028098327091,3230.305772752414,3558.570928113604
0.7823144257859705,13015.17056504036,3177.3654007057157,3553.6768245995563
0.8002757263779953,13404.473323059192,3177.8286561362797,3556.448348515601
0.8182370269700201,13868.318326780085,3287.25509292721,3560.0039030189528
0.836198327562045,14305.504211054644,3611.959048280022,3531.712035976858
0.8541596281540699,14291.077194845606,4253.613821404407,3378.536272734513
0.8721209287460946,13170.891618308142,4935.245776821788,3013.36644725723
0.8900822293381195,11490.722932161554,5002.322954407228,2624.0163513393413
0.9080435299301444,10453.343898205825,4569.533835138409,2422.198678961092
0.9260048305221691,10076.280723101174,4090.7238680472274,2352.384687824765
0.943966131114194,10003.392891716938,3710.572027203064,2328.761341040413
0.9619274317062189,10038.642372280541,3423.750293965248,2315.1077554279145
0.9798887322982436,10104.877801241568,3203.185796131913,2300.3963403929656
0.9978500328902684,10177.476879269636,3027.693295764913,2282.137536015061
1.1774630388105167,10480.412918304555,2155.691373666739,1993.4267297760741
1.3570760447307653,10447.66064707882,1768.2813989917172,1695.2972630506192
1.5366890506510134,10346.009371037671,1589.2947222017665,1450.1991396177814
1.716302056571262,10216.009633368967,1609.1507570409574,1284.1268538103477
1.8959150624915104,9955.114150743168,1867.322995876159,1234.7514914756441
2.0755280684117587,9325.10987423205,2301.4933932163813,1313.3112029324107
2.255141074332007,8315.525171383579,2589.7077881652995,1410.9472924086883
2.4347540802522554,7391.849023627439,2530.2400422994933,1403.874802759503
2.6143670861725035,6814.907335961675,2305.9110097277835,1325.3954566050586
2.793980092092752,6489.564730067185,2095.667820434059,1247.9129026506394
2.9735930980130005,6282.830536229248,1948.8249726718939,1201.7062795195425
3.153206103933249,6115.738247297836,1858.6607488714487,1189.5219407608483
3.3328191098534967,5948.060942288931,1805.7146699278621,1203.3200058176458
3.5124321157737453,5762.439093813327,1770.5598392830245,1231.1494106335194
3.692045121693994,5557.381429070377,1737.7678856624793,1260.798102468509
3.8716581276142423,5342.422164689283,1697.8623207981452,1282.8293394228924
4.051271133534491,5132.023230134008,1647.6848547546958,1292.500141871931
4.230884139454739,4939.32816947018,1588.9012934929833,1289.7010176731758
4.410497145374987,4772.294791949038,1525.4910882531558,1277.2789538431857
4.590110151295235,4633.074030532845,1461.5398930505812,1258.9922974522485
4.769723157215484,4519.533229084637,1400.0440034869805,1238.0823202930196
4.949336163135732,4427.346577892499,1342.6445878784214,1216.6925447574886
5.128949169055981,4351.684222546392,1289.8748894593443,1195.8877480001681
5.308562174976229,4288.23054652236,1241.5593040547737,1175.943677415092
5.4881751808964765,4233.630847880212,1197.1716744545286,1156.6831206552679
5.6677881868167255,4185.560246189713,1156.088473774116,1137.7515360230623
5.847401192736974,4142.5843503687565,1117.7371426514196,1118.800568424901
6.027014198657222,4103.931685067462,1081.663004004039,1099.584859114338
6.206627204577471,4069.2549895981388,1047.541972589968,1079.992377535656
6.386240210497719,4038.426144835931,1015.1627305571527,1060.0319606175487
6.565853216417968,4011.3853142206112,984.396211993929,1039.799417318534
6.745466222338216,3988.0474343594115,955.1641709430459,1019.4383728555498
6.925079228258465,3968.258062991597,927.4132703373631,999.1060128893181
7.104692234178713,3951.7852840816176,901.0970728677598,978.9484674897789
7.284305240098961,3938.3336340531887,876.1656867158529,959.0865950032045
7.46391824601921,3927.5681343074157,852.5614803329595,939.6105670442798
7.643531251939458,3919.139886645785,830.2188805075972,920.5806881410475
7.823144257859705,3912.708080192176,809.066441446812,902.0318501377147
8.002757263779953,3907.9560595855783,789.0297973759764,883.9795003745651
8.182370269700202,3904.6010451187003,770.0345892070561,866.4256452422106
8.361983275620451,3902.398263541738,752.0088667768209,849.3640252638595
8.541596281540698,3901.1407874247134,734.8847731572996,832.7840860867892
8.721209287460947,3900.656500584239,718.5995151000641,816.6737032760484
8.900822293381196,3900.80346370658,703.0957318486923,801.0208164030294
9.080435299301445,3901.464695684404,688.3214177832424,785.8142170912929
9.260048305221693,3902.5430940472725,674.2295553658166,771.0437528337635
9.439661311141942,3903.9569329779465,660.7775935062685,756.7001792602098
9.61927431706219,3905.6361605857687,647.9268746187716,742.7748449437449
9.798887322982438,3907.519544185373,635.6420800066098,729.259339817826
9.978500328902687,3914.430776402007,623.8974806588893,716.1595671652307
11.774630388105168,3933.467881724333,529.9960080430169,604.9723371130046
13.570760447307652,3935.847648199781,465.9543340299079,522.873503030439
15.366890506510137,3915.600172528193,420.0547448458754,461.22814351215436
17.16302056571262,3875.4531680137884,385.8233436563876,414.01084292691166
18.959150624915104,3819.9812955209172,359.4472393603577,377.11299060013533
20.755280684117587,3753.586792149363,338.5664666340312,347.73686113503106
22.551410743320073,3679.9023145446845,321.6561191089614,323.9501510213477
24.347540802522555,3601.740886524707,307.6940517409255,304.394066330526
26.14367086172504,3521.20979703252,295.97340065641,288.09537554694424
27.93980092092752,3439.8539076739617,285.99189975920024,274.34426888424963
29.73593098013,3358.786544376701,277.38412765656034,262.61418359404007
31.532061039332486,3278.7963309926063,269.87864827061094,252.50829452728573
33.32819109853497,3200.430185402582,263.2700969962038,243.72316942569034
35.124321157737455,3124.0563136014457,257.4005307159637,236.02366733436733
36.92045121693994,3049.9114406492204,252.14668014589685,229.22531738362187
38.71658127614242,2978.1360054134416,247.4110551595261,223.1817568275324
40.51271133534491,2908.8003129125136,243.11562313368995,217.77564431688063
42.30884139454739,2841.923944358207,239.19723978077008,212.9119984699467
44.10497145374987,2777.4901651957075,235.60429642719552,208.5132513347983
45.90110151295235,2715.4566116414912,232.29422475775957,204.51553296212785
47.69723157215484,2655.7632189333813,229.23161642306474,200.86584902285497
49.493361631357324,2598.3380940518864,226.38678870318773,197.5199153489974
51.28949169055981,2543.1018588740344,223.734678897577,194.44047999383884
53.08562174976229,2489.9708511952463,221.25398342399507,191.596011358717
54.88175180896478,2438.859467996673,218.92648069392277,188.95966502566355
56.67788186816726,2389.681871460773,216.73649472721743,186.50846151921039
58.474011927369745,2342.35320946238,214.6704658421013,184.22262929573614
60.27014198657222,2296.79048705404,212.71660537989104,182.08507442353098
62.0662720457747,2252.91315286499,210.86461505732956,180.08095074800497
63.86240210497719,2210.6435003254237,209.10545816425585,178.19730884899477
65.65853216417968,2169.9069037413938,207.4311715428944,176.4228072498246
67.45466222338216,2130.631955895143,205.83470956747587,174.74747522883075
69.25079228258464,2092.7505125659695,204.3098151717947,173.1625144215144
71.04692234178712,2056.197683874328,202.85091163673374,171.66013419123345
72.8430524009896,2020.9117779233268,201.45301181434058,170.23341321086488
74.6391824601921,1986.834223508541,200.11164117982094,168.8761836451985
76.43531251939457,1953.909456604422,198.82277324453224,167.58293205325992
78.23144257859705,1922.0848065296434,197.5827740223015,166.3487158467332
80.02757263779954,1891.3103727593066,196.38835446658902,165.1690928032144
81.82370269700202,1861.5388846732933,195.2365303509544,164.04005888743558
83.6198327562045,1832.7255816406648,194.12458682675185,162.95799672380178
85.41596281540698,1804.8280773084898,193.05004827443875,161.91963033840412
87.21209287460947,1777.8062325107842,192.01065211823277,160.9219858887578
89.00822293381195,1751.622030656682,191.0043260052307,159.96235781193784
90.80435299301445,1726.2394636721888,190.0291674598703,159.03828009869673
92.60048305221693,1701.6244134169535,189.08342705990376,158.14749923536752
94.39661311141941,1677.7445487335074,188.16549243770584,157.28795300808906
96.1927431706219,1654.5692157699677,187.2738752131617,156.4577500635597
97.98887322982438,1632.0693460483878,186.4071985257466,155.65515326263676
99.78500328902686,1635.9431590123102,185.57423925291758,154.89957312579273
117.74630388105169,1445.4127256152387,178.2232329526091,148.29194086669872
135.70760447307654,1298.0124942684806,172.3255022514635,143.18050448500503
153.66890506510137,1180.9860047181003,167.41765974875833,139.03541169234498
171.6302056571262,1086.089257335122,163.2251544567411,135.55940798395272
189.59150624915105,1007.7835561252843,159.57271815983174,132.5714987135209
207.55280684117588,942.2204235308532,156.34194568893614,129.9542808384526
225.51410743320073,886.6473296817929,153.44922592813637,127.62768308669564
243.47540802522553,839.0458648507306,150.8333854033469,125.53483422801904
261.43670861725036,797.9035306930696,148.44834975841218,123.63397113208275
279.3980092092752,762.0653664215682,146.25857198341936,121.89355586256315
297.3593098013,730.6346170721692,144.23606277768363,120.28920736506221
315.3206103933249,702.9047398546843,142.35839868399444,118.80169336449589
333.2819109853497,678.3116955203853,140.6073452753796,117.41557612345228
351.24321157737455,656.3999628033798,138.96787858932467,116.1182779989577
369.2045121693994,636.7976956344476,137.42747966974198,114.89941104258907
387.1658127614242,619.1985441810866,135.97561020388267,113.75029609435181
405.12711335344903,603.3479008899324,134.60331890593295,112.66360575353055
423.0884139454739,589.0325079045408,133.30294238166667,111.63309438117628
441.04971453749874,576.0724863406978,132.06787215043133,110.65339320003702
459.01101512952357,564.3150725070019,130.8923711748152,109.7198542652022
476.97231572154845,553.629870043001,129.77143233497722,108.82842026112176
494.9336163135733,543.9048319179115,128.70066032546737,107.97553059833807
512.894916905598,535.0433310545648,127.67617779269747,107.15804269900885
530.8562174976229,526.9615792635509,126.6945510158381,106.37316509156226
548.8175180896477,519.58666299766,125.75272476718744,105.61840853376539
566.7788186816725,512.8547930130345,124.84797234164607,104.89154050076567
584.7401192736975,506.71016716011553,123.97785032728258,104.19055241858895
602.7014198657223,501.1036255261638,123.14016167931622,103.51363159051846
620.662720457747,495.9918406970216,122.33292712392111,102.85913137358145
638.624021049772,491.3364767868893,121.55435546748905,102.22555740457325
656.5853216417968,487.1035500914379,120.8028234675205,101.6115462733261
674.5466222338216,483.2629546262634,120.07685625322311,101.01584882931509
692.5079228258464,479.78779351036457,119.37510762582565,100.43732486508253
710.4692234178713,476.65422226499476,118.69634869948707,99.87492552919392
728.430524009896,473.84087872623394,118.03945474048969,99.32768449814994
746.3918246019208,471.3286933582187,117.40339132253705,98.79471491471386
764.3531251939456,469.10076364018346,116.78720695234166,98.275198635534
782.3144257859706,467.14179367900766,116.19002288359752,97.76838051096445
800.2757263779954,465.43814546282056,115.61102798148777,97.27356115211519
818.2370269700202,463.9777358774575,115.04946705156368,96.79009969852422
836.198327562045,462.74965361667483,114.5046403130756,96.31739850693218
854.1596281540699,461.7441999736186,113.9758932254395,95.85490988845126
872.1209287460947,460.95263213813377,113.46261508389274,95.40212530463886
890.0822293381196,460.367338231656,112.96423396866972,94.95857428451386
908.0435299301444,459.98130414979033,112.48021058184642,94.52382597680688
926.0048305221692,459.7885155450392,112.01003914848981,94.09747706054445
943.966131114194,459.7835845314189,111.5532405592931,93.6791583930979
961.9274317062188,459.9615462406418,111.10936048321231,93.26853204853596
979.8887322982437,460.31836272988124,110.67796960043748,92.8652801368542
